Product Name,Generic Name,Reg Number,Manufacturer,DSL/DML,Category,Pack Size,Price (Rs),Effective From
"Snake Venom AntiSerum","Snake Venom AntiSerum",053882,"Hakimsons (Impex) (Pvt.) Ltd.","DSL: 030",Essential Drugs,"(1's pack)",3104.59,06 Aug, 2025
"Equirab 1000 IU/5 ml","Anti-Rabies Serum (Equine)",052223,"Hakimsons (Impex) (Pvt.) Ltd.","DSL: 030",Essential Drugs,"(1's pack)",2037.24,06 Aug, 2025
"Prevenar 13V Suspension for Injection","Pneumococcal Conjugate Vaccine 0.5ml",098499,"Wyeth Pakistan Limited","DSL: 036",Essential Drugs,"(1X50)Vial",1290266.38,13 Aug, 2025
"Oxaprin Injection 20mg","Enoxaparin Sodium 20mg/0.2ml",056859,"Werrick Pharmaceuticals","DML: 000340",Essential Drugs,"0.2mlx1's",260.25,18 Aug, 2025
"Oxaprin Injection 40mg","Enoxaparin Sodium 40mg/0.4ml",056860,"Werrick Pharmaceuticals","DML: 000340",Essential Drugs,"0.4mlx1's",815.56,18 Aug, 2025
"Rabies vaccine (vero cell) Human Use","Rabies vaccine (vero cell) Human Use",091880,"Biological Production Divison, National Institute of Health","DML: 000092",Essential Drugs,"0.5ml x 1's",1337,01 Jul, 2024
"VAXAPOX(Live Attenuated Varicella Vaccine, Lyophilized)","(Live Attenuated Varicella Vaccine, Lyophilized)Each dose of 0.5ml contains:OKA Strain …........... 3.3 Lg PFU of live Varicella Virus (min 2000 PFU).",074628,"SIND MEDICAL STORES","DSL: 450",Essential Drugs,"0.5 ml vial",4401.15,07 Aug, 2025
"INDIRAB(Purified Vero Cell Rabies Vaccine - PVRV)","Each dose of lyophilized vaccine contains:Purified & propiolactone inactivated Rabies Virus …..... 2.5 I.U.(Prepared on Vero Cells, PM Strain of rabies virus) of one immunizing dose.",053814,"HOSPITAL SERVICES & SALES","DSL: 0398",Essential Drugs,"0.5 ml vial",1397.31,07 Aug, 2025
"REVAC B+ 0.5ml(Recombinant Hepatitis B Vaccine)","(Recombinant Hepatitis B Vaccine)Each 0.5 ml contains:Hepatitis B Surface antigen 10µg",053861,"SIND MEDICAL STORES","DSL: 450",Essential Drugs,"0.5 ml Vial",314.9,07 Aug, 2025
"POLIOMYELITIS VACCINE(Poliomyelitis Vaccine, Inactivated, suspension for injection)","Poliomyelitis Vaccine, Inactivated, suspension for injection1 dose of 0.5ml inactivated Poliomyelitis vaccinecontains the following active ingredients:Poliomyelitis virus type 1 (Mahoney) 40-Dantigen unitsPoliomyelitis virus type 2 (MEF 1) 8-D antigen virusPoliomyelitis virus type 3 (Saukett) 32-D antigen units",077520,"HOSPITAL SERVICES & SALES","DSL: 0398",Essential Drugs,"0.5 ml Vial / 1 Dose",834.45,07 Aug, 2025
"HexaximSuspension for Injection","Deptheria + Tetanus + Polio + Pertussius + Influenza + Hepatitis B",079275,"Hoechst Pakistan Limited","DSL: 650",Essential Drugs,"0.5ml PFS (1's)",6953.31,04 Aug, 2025
"Imovax PolioSuspension For Injection","Poliomyelitis Vaccine One dose of 0.5ml contains:Poliovirus type 1, Mahoney strain (inactivated)  40 DUPoliovirus type 2, MEF-I strain (inactivated)  8 DUPoliovirus type 3, Saukett strain (inactivated) 32 DU",045700,"Hoechst Pakistan Limited","DML: 000007",Essential Drugs,"0.5ml PFS (1's)",809.09,01 Jul, 2024
"Measles Vaccine Live attenuated (Freeze Dried) Lyophilized injection.","Measles Virus Note Less than 1000 CCID50",052298,"Amson Vaccines & Pharma (Pvt.) Ltd","DSL: 017/DSL(D)/PS&DC-ICT/2025",Essential Drugs,"0.5ml vial (Single dose).",105.58,05 Aug, 2025
"EASYFIVE -TT (Pentavalent Vaccine)","Each 1 Dose of 0.5ml contains:Diphtheria Toxoid 20 Lf (30 IU)Tetanus Toxoid 7.5 Lf (40IU) in guinea pig and 60 IU in mice)Pertussis Vaccine 12 OU (4 IU) r-Hepatitis B surface antigen (HbsAg) 10mcgHaemophilus type b conjugate vaccine 10mcg",053813,"HOSPITAL SERVICES & SALES","DSL: 0398",Essential Drugs,"0.5ml Vial / 1 Dose",4286.41,07 Aug, 2025
"Bett (Adsorbed Tetanus Vaccine B.P.)","Tetanus Toxoid . . . . . . .> 40IU",083350,"Amson Vaccines & Pharma (Pvt.) Ltd","DSL: 017/DSL(D)/PS&DC-ICT/2025",Essential Drugs,"0.5ml vial / One dose vial",75.44,05 Aug, 2025
"MenactraSolution For Injection","Meningitis Vaccine Each dose of 0.5ml contains: Meningococcal (Serogroup A) Polysaccharide (Monovalent Conjugate) 4mcgMeningococcal (Serogroup C) Polysaccharide (Monovalent Conjugate) 4mcgMeningococcal (Serogroup Y) Polysaccharide (Monovalent Conjugate) 4mcgMeningococcal (Serogroup W-135) Polysaccharide (Monovalent Conjugate) 4mcg",072535,"Hoechst Pakistan Limited","DSL: 650",Essential Drugs,"0.5ml x 1's",6101.16,04 Aug, 2025
"Amvax B Injection","Each ml contains:Purified HBs Antigen…20mcg/10mcg",018727,"Amson Vaccines & Pharma (Pvt.) Ltd.","DML: 000393",Essential Drugs,"0.5ml x 1's",335.82,07 Aug, 2025
"INFLUVAC SUSPENSION FOR INJECTION","Each 0.5ml prefilled syringe contains: Haemagglutinin 15mcg (per recommended virus strain).",028437,"Abbott Laboratories (Pakistan) Limited","DSL: 056/2023",Essential Drugs,"0.5ml X 10's",8806.33,07 Aug, 2025
"Amvax B Injection","Each ml contains:Purified HBs Antigen…20mcg/10mcg",018727,"Amson Vaccines & Pharma (Pvt.) Ltd.","DML: 000393",Essential Drugs,"0.5ml x 10's",3358.33,07 Aug, 2025
"MenactraSolution For Injection","Meningitis Vaccine Each dose of 0.5ml contains: Meningococcal (Serogroup A) Polysaccharide (Monovalent Conjugate) 4mcgMeningococcal (Serogroup C) Polysaccharide (Monovalent Conjugate) 4mcgMeningococcal (Serogroup Y) Polysaccharide (Monovalent Conjugate) 4mcgMeningococcal (Serogroup W-135) Polysaccharide (Monovalent Conjugate) 4mcg",072536,"Hoechst Pakistan Limited","DSL: 650",Essential Drugs,"0.5ml x 5's",25349.37,04 Aug, 2025